true,preds
-0.7327637407981761,-3.532216327926463
-0.3119925096528624,-0.6732599700591246
-0.1280212802833604,1.7326728917396896
1.2105257435630146,-0.5809885490920557
0.8104102279505372,-0.3883958615108196
0.1935162940566241,1.2338459148537937
0.1318243283177736,0.4342660576764532
0.1864245691730886,2.350409243675412
-1.2584365360073095,-3.57068616685147
-0.123338614122699,0.09077492419070929
0.980597072357775,1.0342451373592836
0.7441483337302303,-1.1939083328397162
-0.6151613396170484,-3.425567534352167
1.2104503161646551,0.44134418657600216
-0.4206397737914243,-2.2987690193291863
1.209059891762624,-1.5977202051703077
-0.6038977650174776,-0.20052382966555082
-0.223895889359407,-1.3999910471210621
0.1245882361503843,-1.6568358172701352
-0.6993721614794098,-2.7970725072142018
-1.2987668565582884,0.24458121888945072
-2.273674163072736,-3.0187758049682896
-1.31737091792062,-2.3904925204113017
-0.2339293202413756,-2.246188319880403
-0.7344784608295857,-0.6023740958653953
1.49437262438945,1.3348758343512113
-1.9565379292506768,-4.549375144283407
0.5092462557931708,-0.39351473339177667
1.601255428202492,-1.0668556383818337
0.6377295780963897,1.5416839484314306
1.2427930076700715,2.477921991957071
0.1751157660093314,-1.8645452651846846
1.0787169881129333,3.5845071005595672
0.739092305992894,-0.36991417230483936
-0.2990223640182152,0.6471500610063152
1.4098233677498049,3.125923109359875
0.2570985748622131,0.3291149370317893
0.0884680792984624,1.4778223018407417
-1.205702891601954,0.4540615589484478
0.8080403094087812,0.37589327543373574
0.1059244891545732,-0.30785803877097795
0.372446735455726,1.9363282961536992
-1.3565060473712536,1.2562708381113294
-0.6155636025949743,1.2793632484037962
-0.8642946727395079,0.4319870498304089
0.1008969500797906,-2.4736750178116407
-0.8947870279127565,1.051394495024684
0.0707487958539725,-2.3528073084488654
-1.1797654577800387,-3.9637672524172842
-0.9670319584824694,0.6797102556928518
